"Export Date: February 06, 2025"
Export Time: 09:14 GMT
Exported Row Number: 3887
"Funding for The GeneNetwork: NIGMS (R01 GM123489, 2017-2026), NIDA (P30 DA044223, 2017-2022), NIA (R01AG043930, 2013-2018), NIAAA (U01 AA016662, U01 AA013499, U24 AA013513, U01 AA014425, 2006-2017), NIDA/NIMH/NIAAA (P20-DA 21131, 2001-2012), NCI MMHCC (U01CA105417), NCRR/BIRN (U24 RR021760)"

Index,URL,Species,Group,Dataset,Record ID,Symbol,Description,ProbeTarget,PubMed_ID,Chr,Mb,Alias,Gene_ID,Homologene_ID,UniGene_ID,Strand_Probe,Probe_set_specificity,Probe_set_BLAT_score,Probe_set_BLAT_Mb_start,Probe_set_BLAT_Mb_end,QTL_Chr,QTL_Mb,Locus_at_Peak,Max_LRS,P_value_of_MAX,Mean_Expression,GWI-CD-001,GWI-CD-001_SE,GWI-CD-002,GWI-CD-002_SE,GWI-CD-003,GWI-CD-003_SE,GWI-CD-004,GWI-CD-004_SE,GWI-CD-005,GWI-CD-005_SE,GWI-CTL-001,GWI-CTL-001_SE,GWI-CTL-002,GWI-CTL-002_SE,GWI-CTL-003,GWI-CTL-003_SE,GWI-CTL-004,GWI-CTL-004_SE,GWI-DFP-001,GWI-DFP-001_SE,GWI-DFP-002,GWI-DFP-002_SE,GWI-DFP-003,GWI-DFP-003_SE,GWI-DFP-004,GWI-DFP-004_SE,GWI-CD-006,GWI-CD-006_SE,GWI-CD-007,GWI-CD-007_SE,GWI-CTL-005,GWI-CTL-005_SE,GWI-CTL-006,GWI-CTL-006_SE,GWI-CTL-007,GWI-CTL-007_SE,GWI-CTL-008,GWI-CTL-008_SE,GWI-DFP-005,GWI-DFP-005_SE,GWI-DFP-006,GWI-DFP-006_SE,GWI-DFP-007,GWI-DFP-007_SE,GWI-DFP-008,GWI-DFP-008_SE,GWI-DFP-009,GWI-DFP-009_SE,GWI-CD-008,GWI-CD-008_SE,GWI-CD-009,GWI-CD-009_SE,GWI-CD-010,GWI-CD-010_SE,GWI-CD-011,GWI-CD-011_SE,GWI-CTL-009,GWI-CTL-009_SE,GWI-CTL-010,GWI-CTL-010_SE,GWI-CTL-012,GWI-CTL-012_SE,GWI-DFP-010,GWI-DFP-010_SE,GWI-DFP-011,GWI-DFP-011_SE,GWI-DFP-012,GWI-DFP-012_SE,GWI-CD-012,GWI-CD-012_SE,GWI-CD-013,GWI-CD-013_SE,GWI-CD-014,GWI-CD-014_SE,GWI-CD-015,GWI-CD-015_SE,GWI-CD-130,GWI-CD-130_SE,GWI-CTL-013,GWI-CTL-013_SE,GWI-CTL-014,GWI-CTL-014_SE,GWI-CTL-015,GWI-CTL-015_SE,GWI-CTL-016,GWI-CTL-016_SE,GWI-DFP-014,GWI-DFP-014_SE,GWI-DFP-015,GWI-DFP-015_SE,GWI-DFP-016,GWI-DFP-016_SE,GWI-DFP-017,GWI-DFP-017_SE,GWI-CD-016,GWI-CD-016_SE,GWI-CD-017,GWI-CD-017_SE,GWI-CD-018,GWI-CD-018_SE,GWI-CD-019,GWI-CD-019_SE,GWI-CTL-017,GWI-CTL-017_SE,GWI-CTL-018,GWI-CTL-018_SE,GWI-CTL-019,GWI-CTL-019_SE,GWI-CTL-020,GWI-CTL-020_SE,GWI-DFP-018,GWI-DFP-018_SE,GWI-DFP-019,GWI-DFP-019_SE,GWI-DFP-020,GWI-DFP-020_SE,GWI-DFP-021,GWI-DFP-021_SE,GWI-CD-020,GWI-CD-020_SE,GWI-CD-023,GWI-CD-023_SE,GWI-CD-052,GWI-CD-052_SE,GWI-CTL-021,GWI-CTL-021_SE,GWI-CTL-023,GWI-CTL-023_SE,GWI-CTL-036,GWI-CTL-036_SE,GWI-DFP-022,GWI-DFP-022_SE,GWI-DFP-023,GWI-DFP-023_SE,GWI-DFP-024,GWI-DFP-024_SE,GWI-DFP-106,GWI-DFP-106_SE,GWI-CD-024,GWI-CD-024_SE,GWI-CD-025,GWI-CD-025_SE,GWI-CD-026,GWI-CD-026_SE,GWI-CD-027,GWI-CD-027_SE,GWI-CTL-024,GWI-CTL-024_SE,GWI-CTL-025,GWI-CTL-025_SE,GWI-CTL-026,GWI-CTL-026_SE,GWI-CTL-027,GWI-CTL-027_SE,GWI-DFP-025,GWI-DFP-025_SE,GWI-DFP-026,GWI-DFP-026_SE,GWI-DFP-027,GWI-DFP-027_SE,GWI-DFP-028,GWI-DFP-028_SE,GWI-DFP-041,GWI-DFP-041_SE,GWI-CD-028,GWI-CD-028_SE,GWI-CD-029,GWI-CD-029_SE,GWI-CD-030,GWI-CD-030_SE,GWI-CD-031,GWI-CD-031_SE,GWI-CTL-028,GWI-CTL-028_SE,GWI-CTL-029,GWI-CTL-029_SE,GWI-CTL-030,GWI-CTL-030_SE,GWI-CTL-031,GWI-CTL-031_SE,GWI-DFP-029,GWI-DFP-029_SE,GWI-DFP-030,GWI-DFP-030_SE,GWI-DFP-031,GWI-DFP-031_SE,GWI-DFP-032,GWI-DFP-032_SE,GWI-CD-032,GWI-CD-032_SE,GWI-CD-033,GWI-CD-033_SE,GWI-CD-034,GWI-CD-034_SE,GWI-CD-035,GWI-CD-035_SE,GWI-CTL-032,GWI-CTL-032_SE,GWI-CTL-033,GWI-CTL-033_SE,GWI-CTL-034,GWI-CTL-034_SE,GWI-CTL-035,GWI-CTL-035_SE,GWI-DFP-033,GWI-DFP-033_SE,GWI-DFP-034,GWI-DFP-034_SE,GWI-DFP-035,GWI-DFP-035_SE,GWI-DFP-036,GWI-DFP-036_SE,GWI-CD-036,GWI-CD-036_SE,GWI-CD-037,GWI-CD-037_SE,GWI-CD-038,GWI-CD-038_SE,GWI-CD-039,GWI-CD-039_SE,GWI-CTL-038,GWI-CTL-038_SE,GWI-CTL-039,GWI-CTL-039_SE,GWI-CTL-040,GWI-CTL-040_SE,GWI-CTL-057,GWI-CTL-057_SE,GWI-CTL-064,GWI-CTL-064_SE,GWI-DFP-038,GWI-DFP-038_SE,GWI-DFP-039,GWI-DFP-039_SE,GWI-DFP-040,GWI-DFP-040_SE,GWI-CD-040,GWI-CD-040_SE,GWI-CD-042,GWI-CD-042_SE,GWI-CD-043,GWI-CD-043_SE,GWI-CD-044,GWI-CD-044_SE,GWI-CD-045,GWI-CD-045_SE,GWI-CD-046,GWI-CD-046_SE,GWI-CD-047,GWI-CD-047_SE,GWI-CD-054,GWI-CD-054_SE,GWI-CD-069,GWI-CD-069_SE,GWI-CTL-037,GWI-CTL-037_SE,GWI-CTL-042,GWI-CTL-042_SE,GWI-CTL-043,GWI-CTL-043_SE,GWI-CTL-044,GWI-CTL-044_SE,GWI-CTL-045,GWI-CTL-045_SE,GWI-CTL-046,GWI-CTL-046_SE,GWI-CTL-047,GWI-CTL-047_SE,GWI-CTL-053,GWI-CTL-053_SE,GWI-DFP-042,GWI-DFP-042_SE,GWI-DFP-043,GWI-DFP-043_SE,GWI-DFP-044,GWI-DFP-044_SE,GWI-DFP-045,GWI-DFP-045_SE,GWI-DFP-046,GWI-DFP-046_SE,GWI-DFP-047,GWI-DFP-047_SE,GWI-DFP-048,GWI-DFP-048_SE,GWI-CD-048,GWI-CD-048_SE,GWI-CD-049,GWI-CD-049_SE,GWI-CD-050,GWI-CD-050_SE,GWI-CD-051,GWI-CD-051_SE,GWI-CTL-048,GWI-CTL-048_SE,GWI-CTL-049,GWI-CTL-049_SE,GWI-CTL-050,GWI-CTL-050_SE,GWI-CTL-051,GWI-CTL-051_SE,GWI-DFP-049,GWI-DFP-049_SE,GWI-DFP-050,GWI-DFP-050_SE,GWI-DFP-051,GWI-DFP-051_SE,GWI-DFP-052,GWI-DFP-052_SE,GWI-CD-041,GWI-CD-041_SE,GWI-CD-055,GWI-CD-055_SE,GWI-CD-056,GWI-CD-056_SE,GWI-CD-070,GWI-CD-070_SE,GWI-CTL-052,GWI-CTL-052_SE,GWI-CTL-054,GWI-CTL-054_SE,GWI-CTL-056,GWI-CTL-056_SE,GWI-CTL-103,GWI-CTL-103_SE,GWI-DFP-053,GWI-DFP-053_SE,GWI-DFP-054,GWI-DFP-054_SE,GWI-DFP-056,GWI-DFP-056_SE,GWI-CD-058,GWI-CD-058_SE,GWI-CD-059,GWI-CD-059_SE,GWI-CD-060,GWI-CD-060_SE,GWI-CD-086,GWI-CD-086_SE,GWI-CD-090,GWI-CD-090_SE,GWI-CD-106,GWI-CD-106_SE,GWI-CD-113,GWI-CD-113_SE,GWI-CTL-022,GWI-CTL-022_SE,GWI-CTL-055,GWI-CTL-055_SE,GWI-CTL-058,GWI-CTL-058_SE,GWI-CTL-059,GWI-CTL-059_SE,GWI-CTL-111,GWI-CTL-111_SE,GWI-CTL-120,GWI-CTL-120_SE,GWI-DFP-057,GWI-DFP-057_SE,GWI-DFP-059,GWI-DFP-059_SE,GWI-DFP-060,GWI-DFP-060_SE,GWI-CD-061,GWI-CD-061_SE,GWI-CD-062,GWI-CD-062_SE,GWI-CD-063,GWI-CD-063_SE,GWI-CD-064,GWI-CD-064_SE,GWI-CTL-060,GWI-CTL-060_SE,GWI-CTL-061,GWI-CTL-061_SE,GWI-CTL-062,GWI-CTL-062_SE,GWI-CTL-063,GWI-CTL-063_SE,GWI-DFP-061,GWI-DFP-061_SE,GWI-DFP-062,GWI-DFP-062_SE,GWI-DFP-063,GWI-DFP-063_SE,GWI-DFP-064,GWI-DFP-064_SE,GWI-CD-065,GWI-CD-065_SE,GWI-CD-066,GWI-CD-066_SE,GWI-CD-067,GWI-CD-067_SE,GWI-CD-068,GWI-CD-068_SE,GWI-CTL-065,GWI-CTL-065_SE,GWI-CTL-066,GWI-CTL-066_SE,GWI-CTL-067,GWI-CTL-067_SE,GWI-DFP-065,GWI-DFP-065_SE,GWI-DFP-066,GWI-DFP-066_SE,GWI-DFP-067,GWI-DFP-067_SE,GWI-DFP-068,GWI-DFP-068_SE,GWI-CD-022,GWI-CD-022_SE,GWI-CD-071,GWI-CD-071_SE,GWI-CD-072,GWI-CD-072_SE,GWI-CD-124,GWI-CD-124_SE,GWI-CTL-041,GWI-CTL-041_SE,GWI-CTL-070,GWI-CTL-070_SE,GWI-CTL-071,GWI-CTL-071_SE,GWI-DFP-069,GWI-DFP-069_SE,GWI-DFP-070,GWI-DFP-070_SE,GWI-DFP-071,GWI-DFP-071_SE,GWI-DFP-072,GWI-DFP-072_SE,GWI-CD-073,GWI-CD-073_SE,GWI-CD-074,GWI-CD-074_SE,GWI-CD-076,GWI-CD-076_SE,GWI-CD-111,GWI-CD-111_SE,GWI-CTL-072,GWI-CTL-072_SE,GWI-CTL-073,GWI-CTL-073_SE,GWI-CTL-074,GWI-CTL-074_SE,GWI-CTL-075,GWI-CTL-075_SE,GWI-DFP-073,GWI-DFP-073_SE,GWI-DFP-074,GWI-DFP-074_SE,GWI-DFP-075,GWI-DFP-075_SE,GWI-DFP-076,GWI-DFP-076_SE,GWI-CD-077,GWI-CD-077_SE,GWI-CD-078,GWI-CD-078_SE,GWI-CD-079,GWI-CD-079_SE,GWI-CD-080,GWI-CD-080_SE,GWI-CTL-076,GWI-CTL-076_SE,GWI-CTL-077,GWI-CTL-077_SE,GWI-CTL-078,GWI-CTL-078_SE,GWI-DFP-077,GWI-DFP-077_SE,GWI-DFP-078,GWI-DFP-078_SE,GWI-DFP-079,GWI-DFP-079_SE,GWI-DFP-080,GWI-DFP-080_SE,GWI-CD-081,GWI-CD-081_SE,GWI-CD-082,GWI-CD-082_SE,GWI-CD-083,GWI-CD-083_SE,GWI-CD-084,GWI-CD-084_SE,GWI-CD-085,GWI-CD-085_SE,GWI-CD-087,GWI-CD-087_SE,GWI-CD-088,GWI-CD-088_SE,GWI-CTL-080,GWI-CTL-080_SE,GWI-CTL-081,GWI-CTL-081_SE,GWI-CTL-082,GWI-CTL-082_SE,GWI-CTL-083,GWI-CTL-083_SE,GWI-CTL-084,GWI-CTL-084_SE,GWI-CTL-085,GWI-CTL-085_SE,GWI-CTL-086,GWI-CTL-086_SE,GWI-CTL-087,GWI-CTL-087_SE,GWI-CTL-104,GWI-CTL-104_SE,GWI-DFP-037,GWI-DFP-037_SE,GWI-DFP-081,GWI-DFP-081_SE,GWI-DFP-082,GWI-DFP-082_SE,GWI-DFP-083,GWI-DFP-083_SE,GWI-DFP-084,GWI-DFP-084_SE,GWI-DFP-085,GWI-DFP-085_SE,GWI-DFP-086,GWI-DFP-086_SE,GWI-DFP-087,GWI-DFP-087_SE,GWI-DFP-088,GWI-DFP-088_SE,GWI-CD-053,GWI-CD-053_SE,GWI-CD-089,GWI-CD-089_SE,GWI-CD-091,GWI-CD-091_SE,GWI-CD-092,GWI-CD-092_SE,GWI-CD-103,GWI-CD-103_SE,GWI-CTL-088,GWI-CTL-088_SE,GWI-CTL-089,GWI-CTL-089_SE,GWI-CTL-091,GWI-CTL-091_SE,GWI-DFP-089,GWI-DFP-089_SE,GWI-DFP-090,GWI-DFP-090_SE,GWI-DFP-091,GWI-DFP-091_SE,GWI-DFP-092,GWI-DFP-092_SE,GWI-CD-093,GWI-CD-093_SE,GWI-CD-094,GWI-CD-094_SE,GWI-CD-095,GWI-CD-095_SE,GWI-CD-096,GWI-CD-096_SE,GWI-CTL-092,GWI-CTL-092_SE,GWI-CTL-093,GWI-CTL-093_SE,GWI-CTL-094,GWI-CTL-094_SE,GWI-DFP-093,GWI-DFP-093_SE,GWI-DFP-094,GWI-DFP-094_SE,GWI-DFP-095,GWI-DFP-095_SE,GWI-DFP-096,GWI-DFP-096_SE,GWI-CD-097,GWI-CD-097_SE,GWI-CD-098,GWI-CD-098_SE,GWI-CD-099,GWI-CD-099_SE,GWI-CD-100,GWI-CD-100_SE,GWI-CTL-095,GWI-CTL-095_SE,GWI-CTL-096,GWI-CTL-096_SE,GWI-CTL-097,GWI-CTL-097_SE,GWI-CTL-098,GWI-CTL-098_SE,GWI-DFP-097,GWI-DFP-097_SE,GWI-DFP-098,GWI-DFP-098_SE,GWI-DFP-099,GWI-DFP-099_SE,GWI-DFP-100,GWI-DFP-100_SE,GWI-CD-101,GWI-CD-101_SE,GWI-CD-102,GWI-CD-102_SE,GWI-CD-104,GWI-CD-104_SE,GWI-CTL-090,GWI-CTL-090_SE,GWI-CTL-099,GWI-CTL-099_SE,GWI-CTL-100,GWI-CTL-100_SE,GWI-CTL-101,GWI-CTL-101_SE,GWI-CTL-102,GWI-CTL-102_SE,GWI-DFP-101,GWI-DFP-101_SE,GWI-DFP-102,GWI-DFP-102_SE,GWI-DFP-103,GWI-DFP-103_SE,GWI-DFP-104,GWI-DFP-104_SE,GWI-CD-057,GWI-CD-057_SE,GWI-CD-105,GWI-CD-105_SE,GWI-CD-107,GWI-CD-107_SE,GWI-CD-108,GWI-CD-108_SE,GWI-CTL-105,GWI-CTL-105_SE,GWI-CTL-106,GWI-CTL-106_SE,GWI-CTL-108,GWI-CTL-108_SE,GWI-DFP-055,GWI-DFP-055_SE,GWI-DFP-105,GWI-DFP-105_SE,GWI-DFP-107,GWI-DFP-107_SE,GWI-DFP-108,GWI-DFP-108_SE,GWI-CD-075,GWI-CD-075_SE,GWI-CD-109,GWI-CD-109_SE,GWI-CD-110,GWI-CD-110_SE,GWI-CD-112,GWI-CD-112_SE,GWI-CTL-107,GWI-CTL-107_SE,GWI-CTL-109,GWI-CTL-109_SE,GWI-CTL-110,GWI-CTL-110_SE,GWI-DFP-109,GWI-DFP-109_SE,GWI-DFP-110,GWI-DFP-110_SE,GWI-DFP-111,GWI-DFP-111_SE,GWI-DFP-112,GWI-DFP-112_SE,GWI-CD-021,GWI-CD-021_SE,GWI-CD-114,GWI-CD-114_SE,GWI-CD-115,GWI-CD-115_SE,GWI-CD-116,GWI-CD-116_SE,GWI-CTL-068,GWI-CTL-068_SE,GWI-CTL-112,GWI-CTL-112_SE,GWI-CTL-113,GWI-CTL-113_SE,GWI-CTL-114,GWI-CTL-114_SE,GWI-DFP-058,GWI-DFP-058_SE,GWI-DFP-113,GWI-DFP-113_SE,GWI-DFP-114,GWI-DFP-114_SE,GWI-DFP-115,GWI-DFP-115_SE,GWI-DFP-116,GWI-DFP-116_SE,GWI-CD-117,GWI-CD-117_SE,GWI-CD-118,GWI-CD-118_SE,GWI-CD-119,GWI-CD-119_SE,GWI-CD-120,GWI-CD-120_SE,GWI-CD-125,GWI-CD-125_SE,GWI-CTL-115,GWI-CTL-115_SE,GWI-CTL-116,GWI-CTL-116_SE,GWI-CTL-117,GWI-CTL-117_SE,GWI-CTL-118,GWI-CTL-118_SE,GWI-CTL-119,GWI-CTL-119_SE,GWI-DFP-117,GWI-DFP-117_SE,GWI-DFP-118,GWI-DFP-118_SE,GWI-DFP-119,GWI-DFP-119_SE,GWI-CD-121,GWI-CD-121_SE,GWI-CD-122,GWI-CD-122_SE,GWI-CD-123,GWI-CD-123_SE,GWI-CTL-069,GWI-CTL-069_SE,GWI-CTL-079,GWI-CTL-079_SE,GWI-CTL-121,GWI-CTL-121_SE,GWI-CTL-122,GWI-CTL-122_SE,GWI-CTL-123,GWI-CTL-123_SE,GWI-DFP-120,GWI-DFP-120_SE,GWI-DFP-121,GWI-DFP-121_SE,GWI-DFP-122,GWI-DFP-122_SE,GWI-DFP-123,GWI-DFP-123_SE,GWI-CD-126,GWI-CD-126_SE,GWI-CD-127,GWI-CD-127_SE,GWI-CD-128,GWI-CD-128_SE,GWI-CD-129,GWI-CD-129_SE,GWI-CTL-011,GWI-CTL-011_SE,GWI-CTL-124,GWI-CTL-124_SE,GWI-CTL-125,GWI-CTL-125_SE,GWI-CTL-126,GWI-CTL-126_SE,GWI-CTL-127,GWI-CTL-127_SE,GWI-DFP-013,GWI-DFP-013_SE,GWI-DFP-124,GWI-DFP-124_SE,GWI-DFP-125,GWI-DFP-125_SE,GWI-DFP-126,GWI-DFP-126_SE,GWI-DFP-127,GWI-DFP-127_SE
1,https://genenetwork.org/show_trait?trait_id=ENSMUSG00000031880&dataset=DOD-BXD-Ind-PFC-DFP-RNA-Seq-1019,mouse,DOD-BXD-GWI,DOD-BXD-Ind-PFC-DFP-RNA-Seq-1019,ENSMUSG00000031880,Rrad,Ras-related associated with diabetes,,N/A,8,104.62807,"REM3, Rad",56437,N/A,,-,,,104.62807,104.631327,10,91.693295,rsm10000007207,22.0342234937581,,1.701866138169146,x,x,x,x,x,x,x,x,x,x,x,x,x,x,x,x,x,x,1.868,,1.944,,1.318,,2.019,,x,x,x,x,x,x,x,x,x,x,x,x,2.143,,2.321,,2.499,,2.219,,2.412,,x,x,x,x,x,x,x,x,x,x,x,x,x,x,1.708,,1.329,,1.424,,x,x,x,x,x,x,x,x,x,x,x,x,x,x,x,x,x,x,1.442,,1.533,,2.048,,1.716,,x,x,x,x,x,x,x,x,x,x,x,x,x,x,x,x,1.879,,1.708,,1.686,,1.493,,x,x,x,x,x,x,x,x,x,x,x,x,2.424,,2.358,,1.487,,2.077,,x,x,x,x,x,x,x,x,x,x,x,x,x,x,x,x,1.153,,1.617,,1.317,,2.281,,1.561,,x,x,x,x,x,x,x,x,x,x,x,x,x,x,x,x,1.2,,1.373,,1.178,,1.672,,x,x,x,x,x,x,x,x,x,x,x,x,x,x,x,x,1.65,,1.591,,1.655,,1.721,,x,x,x,x,x,x,x,x,x,x,x,x,x,x,x,x,x,x,1.564,,1.597,,1.558,,x,x,x,x,x,x,x,x,x,x,x,x,x,x,x,x,x,x,x,x,x,x,x,x,x,x,x,x,x,x,x,x,x,x,1.953,,0.944,,1.965,,1.795,,1.804,,1.303,,1.719,,x,x,x,x,x,x,x,x,x,x,x,x,x,x,x,x,1.405,,1.951,,1.63,,1.752,,x,x,x,x,x,x,x,x,x,x,x,x,x,x,x,x,1.595,,1.683,,1.576,,x,x,x,x,x,x,x,x,x,x,x,x,x,x,x,x,x,x,x,x,x,x,x,x,x,x,1.937,,1.892,,2.193,,x,x,x,x,x,x,x,x,x,x,x,x,x,x,x,x,1.428,,1.596,,1.983,,1.261,,x,x,x,x,x,x,x,x,x,x,x,x,x,x,1.83,,1.944,,1.625,,2.133,,x,x,x,x,x,x,x,x,x,x,x,x,x,x,1.54,,1.448,,1.485,,1.574,,x,x,x,x,x,x,x,x,x,x,x,x,x,x,x,x,0.753,,2.444,,1.519,,1.669,,x,x,x,x,x,x,x,x,x,x,x,x,x,x,1.704,,1.832,,1.542,,1.626,,x,x,x,x,x,x,x,x,x,x,x,x,x,x,x,x,x,x,x,x,x,x,x,x,x,x,x,x,x,x,x,x,1.761,,1.01,,1.575,,1.491,,0.983,,2.281,,1.615,,1.867,,1.833,,x,x,x,x,x,x,x,x,x,x,x,x,x,x,x,x,1.055,,1.774,,1.829,,2.115,,x,x,x,x,x,x,x,x,x,x,x,x,x,x,1.714,,1.631,,1.939,,1.37,,x,x,x,x,x,x,x,x,x,x,x,x,x,x,x,x,1.992,,1.688,,1.49,,1.386,,x,x,x,x,x,x,x,x,x,x,x,x,x,x,x,x,1.899,,1.763,,1.368,,2.35,,x,x,x,x,x,x,x,x,x,x,x,x,x,x,1.549,,1.81,,1.813,,1.511,,x,x,x,x,x,x,x,x,x,x,x,x,x,x,2.195,,1.855,,1.706,,1.919,,x,x,x,x,x,x,x,x,x,x,x,x,x,x,x,x,1.49,,1.45,,1.74,,1.481,,1.581,,x,x,x,x,x,x,x,x,x,x,x,x,x,x,x,x,x,x,x,x,1.363,,2.108,,1.369,,x,x,x,x,x,x,x,x,x,x,x,x,x,x,x,x,1.61,,1.924,,1.466,,1.846,,x,x,x,x,x,x,x,x,x,x,x,x,x,x,x,x,x,x,1.716,,1.831,,2.212,,1.629,,1.408,
2,https://genenetwork.org/show_trait?trait_id=ENSMUSG00000031880&dataset=DOD-BXD-Ind-PFC-CD-RNA-Seq-1019,mouse,DOD-BXD-GWI,DOD-BXD-Ind-PFC-CD-RNA-Seq-1019,ENSMUSG00000031880,Rrad,Ras-related associated with diabetes,,N/A,8,104.62807,"REM3, Rad",56437,N/A,,-,,,104.62807,104.631327,4,142.096342,rs51032748,14.2462221518243,,1.8174076923957239,2.309,,2.175,,2.335,,2.849,,2.36,,x,x,x,x,x,x,x,x,x,x,x,x,x,x,x,x,1.935,,1.46,,x,x,x,x,x,x,x,x,x,x,x,x,x,x,x,x,x,x,1.834,,1.889,,1.295,,1.564,,x,x,x,x,x,x,x,x,x,x,x,x,1.91,,1.51,,2.242,,1.525,,2.232,,x,x,x,x,x,x,x,x,x,x,x,x,x,x,x,x,1.296,,1.698,,1.712,,2.179,,x,x,x,x,x,x,x,x,x,x,x,x,x,x,x,x,2.124,,2.127,,2.158,,x,x,x,x,x,x,x,x,x,x,x,x,x,x,1.613,,1.923,,1.408,,1.827,,x,x,x,x,x,x,x,x,x,x,x,x,x,x,x,x,x,x,1.502,,2.067,,1.834,,2.705,,x,x,x,x,x,x,x,x,x,x,x,x,x,x,x,x,1.669,,2.409,,1.9,,2.028,,x,x,x,x,x,x,x,x,x,x,x,x,x,x,x,x,2.114,,1.091,,1.42,,1.891,,x,x,x,x,x,x,x,x,x,x,x,x,x,x,x,x,1.59,,1.531,,2.398,,1.376,,1.279,,1.938,,1.91,,1.485,,1.532,,x,x,x,x,x,x,x,x,x,x,x,x,x,x,x,x,x,x,x,x,x,x,x,x,x,x,x,x,x,x,1.948,,1.209,,1.726,,2.017,,x,x,x,x,x,x,x,x,x,x,x,x,x,x,x,x,1.776,,1.614,,2.037,,1.595,,x,x,x,x,x,x,x,x,x,x,x,x,x,x,1.584,,1.54,,2.126,,2.085,,1.81,,2.103,,1.634,,x,x,x,x,x,x,x,x,x,x,x,x,x,x,x,x,x,x,1.568,,1.33,,1.733,,1.324,,x,x,x,x,x,x,x,x,x,x,x,x,x,x,x,x,1.976,,1.387,,2.207,,1.118,,x,x,x,x,x,x,x,x,x,x,x,x,x,x,1.813,,0.954,,2.115,,2.276,,x,x,x,x,x,x,x,x,x,x,x,x,x,x,1.478,,1.35,,2.404,,2.201,,x,x,x,x,x,x,x,x,x,x,x,x,x,x,x,x,1.664,,1.793,,1.535,,1.431,,x,x,x,x,x,x,x,x,x,x,x,x,x,x,1.726,,2.082,,2.185,,2.083,,1.84,,2.152,,1.958,,x,x,x,x,x,x,x,x,x,x,x,x,x,x,x,x,x,x,x,x,x,x,x,x,x,x,x,x,x,x,x,x,x,x,x,x,2.049,,2.321,,2.381,,2.18,,2.368,,x,x,x,x,x,x,x,x,x,x,x,x,x,x,2.164,,1.849,,1.534,,1.981,,x,x,x,x,x,x,x,x,x,x,x,x,x,x,1.428,,2.117,,1.138,,1.475,,x,x,x,x,x,x,x,x,x,x,x,x,x,x,x,x,1.324,,1.85,,2.421,,x,x,x,x,x,x,x,x,x,x,x,x,x,x,x,x,x,x,1.801,,2.158,,1.924,,2.016,,x,x,x,x,x,x,x,x,x,x,x,x,x,x,1.786,,1.82,,1.576,,1.98,,x,x,x,x,x,x,x,x,x,x,x,x,x,x,1.531,,1.489,,1.039,,1.382,,x,x,x,x,x,x,x,x,x,x,x,x,x,x,x,x,x,x,1.443,,1.092,,2.168,,1.91,,2.617,,x,x,x,x,x,x,x,x,x,x,x,x,x,x,x,x,1.353,,1.528,,2.344,,x,x,x,x,x,x,x,x,x,x,x,x,x,x,x,x,x,x,1.544,,2.031,,1.626,,1.88,,x,x,x,x,x,x,x,x,x,x,x,x,x,x,x,x,x,x,x,x
3,https://genenetwork.org/show_trait?trait_id=ENSMUSG00000031880&dataset=DOD-BXD-Ind-PFC-CTL-RNA-Seq-1019,mouse,DOD-BXD-GWI,DOD-BXD-Ind-PFC-CTL-RNA-Seq-1019,ENSMUSG00000031880,Rrad,Ras-related associated with diabetes,,N/A,8,104.62807,"REM3, Rad",56437,N/A,,-,,,104.62807,104.631327,2,57.659854,rs3663027,9.497975389905,,1.70774803950092,x,x,x,x,x,x,x,x,x,x,2.215,,2.206,,2.221,,1.881,,x,x,x,x,x,x,x,x,x,x,x,x,2.182,,2.413,,1.912,,2.224,,x,x,x,x,x,x,x,x,x,x,x,x,x,x,x,x,x,x,1.518,,1.165,,1.83,,x,x,x,x,x,x,x,x,x,x,x,x,x,x,x,x,1.471,,2.058,,1.618,,1.87,,x,x,x,x,x,x,x,x,x,x,x,x,x,x,x,x,0.706,,1.917,,2.431,,2.431,,x,x,x,x,x,x,x,x,x,x,x,x,x,x,2.151,,1.368,,2.022,,x,x,x,x,x,x,x,x,x,x,x,x,x,x,x,x,1.799,,2.018,,1.607,,1.317,,x,x,x,x,x,x,x,x,x,x,x,x,x,x,x,x,x,x,1.138,,1.337,,1.377,,1.21,,x,x,x,x,x,x,x,x,x,x,x,x,x,x,x,x,1.421,,0.898,,1.913,,2.703,,x,x,x,x,x,x,x,x,x,x,x,x,x,x,x,x,1.869,,1.727,,1.779,,1.581,,2.127,,x,x,x,x,x,x,x,x,x,x,x,x,x,x,x,x,x,x,x,x,x,x,x,x,0.983,,1.592,,1.706,,1.631,,1.777,,1.358,,1.45,,1.605,,x,x,x,x,x,x,x,x,x,x,x,x,x,x,x,x,x,x,x,x,x,x,2.006,,1.85,,2.09,,1.944,,x,x,x,x,x,x,x,x,x,x,x,x,x,x,x,x,1.84,,2.226,,1.781,,1.809,,x,x,x,x,x,x,x,x,x,x,x,x,x,x,x,x,x,x,x,x,1.918,,1.493,,1.415,,2.194,,2.125,,1.98,,x,x,x,x,x,x,x,x,x,x,x,x,x,x,2.039,,1.458,,1.556,,1.048,,x,x,x,x,x,x,x,x,x,x,x,x,x,x,x,x,1.906,,2.525,,1.415,,x,x,x,x,x,x,x,x,x,x,x,x,x,x,x,x,1.452,,1.687,,1.77,,x,x,x,x,x,x,x,x,x,x,x,x,x,x,x,x,1.847,,1.913,,1.855,,2.032,,x,x,x,x,x,x,x,x,x,x,x,x,x,x,x,x,1.968,,1.33,,1.049,,x,x,x,x,x,x,x,x,x,x,x,x,x,x,x,x,x,x,x,x,x,x,1.798,,1.922,,2.184,,1.258,,0.884,,1.456,,1.495,,1.121,,1.861,,x,x,x,x,x,x,x,x,x,x,x,x,x,x,x,x,x,x,x,x,x,x,x,x,x,x,x,x,1.635,,1.377,,2.426,,x,x,x,x,x,x,x,x,x,x,x,x,x,x,x,x,1.788,,1.371,,1.446,,x,x,x,x,x,x,x,x,x,x,x,x,x,x,x,x,1.924,,1.51,,1.529,,1.745,,x,x,x,x,x,x,x,x,x,x,x,x,x,x,1.362,,2.022,,1.659,,1.564,,0.691,,x,x,x,x,x,x,x,x,x,x,x,x,x,x,x,x,1.588,,1.876,,1.93,,x,x,x,x,x,x,x,x,x,x,x,x,x,x,x,x,1.828,,1.825,,1.791,,x,x,x,x,x,x,x,x,x,x,x,x,x,x,x,x,1.685,,1.265,,1.178,,1.953,,x,x,x,x,x,x,x,x,x,x,x,x,x,x,x,x,x,x,x,x,1.561,,1.614,,1.537,,2.141,,1.782,,x,x,x,x,x,x,x,x,x,x,x,x,1.363,,1.678,,1.447,,1.005,,2.315,,x,x,x,x,x,x,x,x,x,x,x,x,x,x,x,x,1.539,,1.649,,1.701,,1.674,,1.677,,x,x,x,x,x,x,x,x,x,x
4,https://genenetwork.org/show_trait?trait_id=ENSMUSG00000031880&dataset=DOD-BXD-Ind-PFC-CD-RNA-Seq-ComB-1019,mouse,DOD-BXD-GWI,DOD-BXD-Ind-PFC-CD-RNA-Seq-ComB-1019,ENSMUSG00000031880,Rrad,Ras-related associated with diabetes,,N/A,8,104.62807,"REM3, Rad",56437,N/A,,-,,,104.62807,104.631327,X,112.031791,rsm10000014529,16.1792312982172,,1.8192153871059418,2.172,,2.047,,2.196,,2.676,,2.22,,x,x,x,x,x,x,x,x,x,x,x,x,x,x,x,x,1.823,,1.38,,x,x,x,x,x,x,x,x,x,x,x,x,x,x,x,x,x,x,1.729,,1.78,,1.226,,1.477,,x,x,x,x,x,x,x,x,x,x,x,x,1.956,,1.543,,2.298,,1.559,,2.1,,x,x,x,x,x,x,x,x,x,x,x,x,x,x,x,x,1.323,,1.737,,1.752,,2.233,,x,x,x,x,x,x,x,x,x,x,x,x,x,x,x,x,2.176,,2.179,,2.211,,x,x,x,x,x,x,x,x,x,x,x,x,x,x,1.65,,1.969,,1.438,,1.87,,x,x,x,x,x,x,x,x,x,x,x,x,x,x,x,x,x,x,1.535,,2.117,,1.877,,2.775,,x,x,x,x,x,x,x,x,x,x,x,x,x,x,x,x,1.707,,2.47,,1.945,,1.91,,x,x,x,x,x,x,x,x,x,x,x,x,x,x,x,x,2.166,,1.112,,1.451,,1.782,,x,x,x,x,x,x,x,x,x,x,x,x,x,x,x,x,1.626,,1.565,,2.255,,1.405,,1.305,,1.984,,1.8,,1.518,,1.566,,x,x,x,x,x,x,x,x,x,x,x,x,x,x,x,x,x,x,x,x,x,x,x,x,x,x,x,x,x,x,1.995,,1.233,,1.766,,1.899,,x,x,x,x,x,x,x,x,x,x,x,x,x,x,x,x,1.818,,1.651,,1.918,,1.631,,x,x,x,x,x,x,x,x,x,x,x,x,x,x,1.62,,1.574,,2.178,,2.136,,1.853,,2.154,,1.671,,x,x,x,x,x,x,x,x,x,x,x,x,x,x,x,x,x,x,1.603,,1.358,,1.773,,1.352,,x,x,x,x,x,x,x,x,x,x,x,x,x,x,x,x,2.024,,1.417,,2.262,,1.061,,x,x,x,x,x,x,x,x,x,x,x,x,x,x,1.856,,0.971,,1.991,,2.333,,x,x,x,x,x,x,x,x,x,x,x,x,x,x,1.51,,1.379,,2.261,,2.255,,x,x,x,x,x,x,x,x,x,x,x,x,x,x,x,x,1.702,,1.835,,1.569,,1.353,,x,x,x,x,x,x,x,x,x,x,x,x,x,x,1.766,,2.133,,2.239,,2.134,,1.883,,2.205,,2.005,,x,x,x,x,x,x,x,x,x,x,x,x,x,x,x,x,x,x,x,x,x,x,x,x,x,x,x,x,x,x,x,x,x,x,x,x,2.099,,2.379,,2.441,,2.234,,2.428,,x,x,x,x,x,x,x,x,x,x,x,x,x,x,2.217,,1.893,,1.568,,1.866,,x,x,x,x,x,x,x,x,x,x,x,x,x,x,1.459,,2.169,,1.16,,1.507,,x,x,x,x,x,x,x,x,x,x,x,x,x,x,x,x,1.352,,1.894,,2.276,,x,x,x,x,x,x,x,x,x,x,x,x,x,x,x,x,x,x,1.843,,2.211,,1.97,,2.065,,x,x,x,x,x,x,x,x,x,x,x,x,x,x,1.684,,1.863,,1.611,,2.028,,x,x,x,x,x,x,x,x,x,x,x,x,x,x,1.565,,1.522,,1.058,,1.307,,x,x,x,x,x,x,x,x,x,x,x,x,x,x,x,x,x,x,1.474,,1.113,,2.04,,1.8,,2.459,,x,x,x,x,x,x,x,x,x,x,x,x,x,x,x,x,1.382,,1.562,,2.403,,x,x,x,x,x,x,x,x,x,x,x,x,x,x,x,x,x,x,1.458,,1.913,,1.535,,1.772,,x,x,x,x,x,x,x,x,x,x,x,x,x,x,x,x,x,x,x,x
5,https://genenetwork.org/show_trait?trait_id=ENSMUSG00000031880&dataset=DOD-BXD-Ind-PFC-CTL-RNA-Seq-ComB-1019,mouse,DOD-BXD-GWI,DOD-BXD-Ind-PFC-CTL-RNA-Seq-ComB-1019,ENSMUSG00000031880,Rrad,Ras-related associated with diabetes,,N/A,8,104.62807,"REM3, Rad",56437,N/A,,-,,,104.62807,104.631327,2,57.659854,rs3663027,10.2480050091054,,1.711362207029748,x,x,x,x,x,x,x,x,x,x,2.084,,2.076,,2.09,,1.773,,x,x,x,x,x,x,x,x,x,x,x,x,2.053,,2.269,,1.801,,2.093,,x,x,x,x,x,x,x,x,x,x,x,x,x,x,x,x,x,x,1.434,,1.104,,1.725,,x,x,x,x,x,x,x,x,x,x,x,x,x,x,x,x,1.503,,2.108,,1.655,,1.914,,x,x,x,x,x,x,x,x,x,x,x,x,x,x,x,x,0.715,,1.963,,2.492,,2.286,,x,x,x,x,x,x,x,x,x,x,x,x,x,x,2.204,,1.397,,2.071,,x,x,x,x,x,x,x,x,x,x,x,x,x,x,x,x,1.841,,2.067,,1.643,,1.345,,x,x,x,x,x,x,x,x,x,x,x,x,x,x,x,x,x,x,1.16,,1.365,,1.406,,1.234,,x,x,x,x,x,x,x,x,x,x,x,x,x,x,x,x,1.452,,0.913,,1.959,,2.54,,x,x,x,x,x,x,x,x,x,x,x,x,x,x,x,x,1.913,,1.767,,1.821,,1.617,,2.179,,x,x,x,x,x,x,x,x,x,x,x,x,x,x,x,x,x,x,x,x,x,x,x,x,1.0,,1.628,,1.745,,1.668,,1.819,,1.387,,1.482,,1.641,,x,x,x,x,x,x,x,x,x,x,x,x,x,x,x,x,x,x,x,x,x,x,2.055,,1.894,,2.141,,1.831,,x,x,x,x,x,x,x,x,x,x,x,x,x,x,x,x,1.883,,2.281,,1.823,,1.852,,x,x,x,x,x,x,x,x,x,x,x,x,x,x,x,x,x,x,x,x,1.964,,1.526,,1.446,,2.065,,2.177,,2.028,,x,x,x,x,x,x,x,x,x,x,x,x,x,x,2.089,,1.49,,1.591,,0.995,,x,x,x,x,x,x,x,x,x,x,x,x,x,x,x,x,1.951,,2.589,,1.338,,x,x,x,x,x,x,x,x,x,x,x,x,x,x,x,x,1.484,,1.726,,1.811,,x,x,x,x,x,x,x,x,x,x,x,x,x,x,x,x,1.891,,1.959,,1.899,,2.081,,x,x,x,x,x,x,x,x,x,x,x,x,x,x,x,x,2.015,,1.358,,1.068,,x,x,x,x,x,x,x,x,x,x,x,x,x,x,x,x,x,x,x,x,x,x,1.84,,1.968,,2.238,,1.191,,0.898,,1.488,,1.528,,1.143,,1.905,,x,x,x,x,x,x,x,x,x,x,x,x,x,x,x,x,x,x,x,x,x,x,x,x,x,x,x,x,1.672,,1.406,,2.487,,x,x,x,x,x,x,x,x,x,x,x,x,x,x,x,x,1.83,,1.4,,1.477,,x,x,x,x,x,x,x,x,x,x,x,x,x,x,x,x,1.97,,1.543,,1.444,,1.646,,x,x,x,x,x,x,x,x,x,x,x,x,x,x,1.391,,2.071,,1.697,,1.599,,0.7,,x,x,x,x,x,x,x,x,x,x,x,x,x,x,x,x,1.624,,1.921,,1.976,,x,x,x,x,x,x,x,x,x,x,x,x,x,x,x,x,1.871,,1.868,,1.689,,x,x,x,x,x,x,x,x,x,x,x,x,x,x,x,x,1.724,,1.291,,1.201,,2.0,,x,x,x,x,x,x,x,x,x,x,x,x,x,x,x,x,x,x,x,x,1.596,,1.651,,1.571,,2.015,,1.68,,x,x,x,x,x,x,x,x,x,x,x,x,1.392,,1.583,,1.479,,1.023,,2.178,,x,x,x,x,x,x,x,x,x,x,x,x,x,x,x,x,1.453,,1.556,,1.605,,1.579,,1.582,,x,x,x,x,x,x,x,x,x,x
6,https://genenetwork.org/show_trait?trait_id=ENSMUSG00000031880&dataset=DOD-BXD-Ind-PFC-DFP-RNA-Seq-ComB-1019,mouse,DOD-BXD-GWI,DOD-BXD-Ind-PFC-DFP-RNA-Seq-ComB-1019,ENSMUSG00000031880,Rrad,Ras-related associated with diabetes,,N/A,8,104.62807,"REM3, Rad",56437,N/A,,-,,,104.62807,104.631327,10,91.693295,rsm10000007207,19.6472787149206,,1.701031500429619,x,x,x,x,x,x,x,x,x,x,x,x,x,x,x,x,x,x,1.76,,1.831,,1.247,,1.901,,x,x,x,x,x,x,x,x,x,x,x,x,2.017,,2.183,,2.349,,2.088,,2.268,,x,x,x,x,x,x,x,x,x,x,x,x,x,x,1.611,,1.257,,1.346,,x,x,x,x,x,x,x,x,x,x,x,x,x,x,x,x,x,x,1.473,,1.567,,2.098,,1.756,,x,x,x,x,x,x,x,x,x,x,x,x,x,x,x,x,1.924,,1.747,,1.725,,1.526,,x,x,x,x,x,x,x,x,x,x,x,x,2.485,,2.417,,1.52,,2.128,,x,x,x,x,x,x,x,x,x,x,x,x,x,x,x,x,1.176,,1.654,,1.246,,2.146,,1.596,,x,x,x,x,x,x,x,x,x,x,x,x,x,x,x,x,1.224,,1.402,,1.201,,1.71,,x,x,x,x,x,x,x,x,x,x,x,x,x,x,x,x,1.688,,1.627,,1.693,,1.761,,x,x,x,x,x,x,x,x,x,x,x,x,x,x,x,x,x,x,1.599,,1.633,,1.593,,x,x,x,x,x,x,x,x,x,x,x,x,x,x,x,x,x,x,x,x,x,x,x,x,x,x,x,x,x,x,x,x,x,x,2.0,,0.96,,2.012,,1.837,,1.846,,1.33,,1.621,,x,x,x,x,x,x,x,x,x,x,x,x,x,x,x,x,1.435,,1.998,,1.667,,1.793,,x,x,x,x,x,x,x,x,x,x,x,x,x,x,x,x,1.631,,1.722,,1.611,,x,x,x,x,x,x,x,x,x,x,x,x,x,x,x,x,x,x,x,x,x,x,x,x,x,x,1.983,,1.937,,2.247,,x,x,x,x,x,x,x,x,x,x,x,x,x,x,x,x,1.459,,1.632,,1.868,,1.194,,x,x,x,x,x,x,x,x,x,x,x,x,x,x,1.873,,1.991,,1.662,,2.008,,x,x,x,x,x,x,x,x,x,x,x,x,x,x,1.574,,1.48,,1.518,,1.486,,x,x,x,x,x,x,x,x,x,x,x,x,x,x,x,x,0.763,,2.298,,1.435,,1.575,,x,x,x,x,x,x,x,x,x,x,x,x,x,x,1.743,,1.875,,1.456,,1.535,,x,x,x,x,x,x,x,x,x,x,x,x,x,x,x,x,x,x,x,x,x,x,x,x,x,x,x,x,x,x,x,x,1.802,,1.028,,1.61,,1.524,,1.0,,2.338,,1.652,,1.911,,1.876,,x,x,x,x,x,x,x,x,x,x,x,x,x,x,x,x,1.075,,1.815,,1.872,,2.167,,x,x,x,x,x,x,x,x,x,x,x,x,x,x,1.754,,1.668,,1.985,,1.399,,x,x,x,x,x,x,x,x,x,x,x,x,x,x,x,x,2.04,,1.727,,1.523,,1.416,,x,x,x,x,x,x,x,x,x,x,x,x,x,x,x,x,1.944,,1.804,,1.294,,2.21,,x,x,x,x,x,x,x,x,x,x,x,x,x,x,1.584,,1.853,,1.856,,1.544,,x,x,x,x,x,x,x,x,x,x,x,x,x,x,2.249,,1.899,,1.745,,1.965,,x,x,x,x,x,x,x,x,x,x,x,x,x,x,x,x,1.523,,1.482,,1.78,,1.514,,1.493,,x,x,x,x,x,x,x,x,x,x,x,x,x,x,x,x,x,x,x,x,1.392,,2.16,,1.295,,x,x,x,x,x,x,x,x,x,x,x,x,x,x,x,x,1.646,,1.97,,1.385,,1.74,,x,x,x,x,x,x,x,x,x,x,x,x,x,x,x,x,x,x,1.619,,1.726,,2.081,,1.537,,1.331,
7,https://genenetwork.org/show_trait?trait_id=ENSMUSG00000057722&dataset=DOD-BXD-Ind-PFC-DFP-RNA-Seq-1019,mouse,DOD-BXD-GWI,DOD-BXD-Ind-PFC-DFP-RNA-Seq-1019,ENSMUSG00000057722,Lepr,leptin receptor,,N/A,4,101.717404,"LEPROT, Leprb, Modb1, OBRGRP, Obr, db, diabetes, obeselike, obl",16847,N/A,,+,,,101.717404,101.815352,X,105.166309,rsm10000014518,18.5522599904801,,0.8586063015414035,x,x,x,x,x,x,x,x,x,x,x,x,x,x,x,x,x,x,0.188,,0.059,,0.172,,0.236,,x,x,x,x,x,x,x,x,x,x,x,x,0.064,,0.064,,0.285,,0.023,,0.199,,x,x,x,x,x,x,x,x,x,x,x,x,x,x,0.958,,1.154,,1.135,,x,x,x,x,x,x,x,x,x,x,x,x,x,x,x,x,x,x,0.844,,1.066,,1.376,,1.141,,x,x,x,x,x,x,x,x,x,x,x,x,x,x,x,x,0.94,,0.742,,0.89,,1.058,,x,x,x,x,x,x,x,x,x,x,x,x,1.094,,1.186,,1.472,,0.964,,x,x,x,x,x,x,x,x,x,x,x,x,x,x,x,x,1.098,,1.34,,0.588,,0.145,,0.921,,x,x,x,x,x,x,x,x,x,x,x,x,x,x,x,x,1.085,,1.185,,1.08,,0.979,,x,x,x,x,x,x,x,x,x,x,x,x,x,x,x,x,0.94,,0.693,,0.884,,1.061,,x,x,x,x,x,x,x,x,x,x,x,x,x,x,x,x,x,x,1.325,,0.667,,0.903,,x,x,x,x,x,x,x,x,x,x,x,x,x,x,x,x,x,x,x,x,x,x,x,x,x,x,x,x,x,x,x,x,x,x,0.633,,0.823,,0.687,,1.036,,0.828,,0.924,,0.043,,x,x,x,x,x,x,x,x,x,x,x,x,x,x,x,x,0.873,,1.163,,1.016,,0.852,,x,x,x,x,x,x,x,x,x,x,x,x,x,x,x,x,1.014,,1.194,,1.103,,x,x,x,x,x,x,x,x,x,x,x,x,x,x,x,x,x,x,x,x,x,x,x,x,x,x,0.952,,1.183,,1.265,,x,x,x,x,x,x,x,x,x,x,x,x,x,x,x,x,0.793,,0.732,,0.143,,0.285,,x,x,x,x,x,x,x,x,x,x,x,x,x,x,0.963,,1.035,,0.827,,0.264,,x,x,x,x,x,x,x,x,x,x,x,x,x,x,0.94,,1.261,,1.026,,0.737,,x,x,x,x,x,x,x,x,x,x,x,x,x,x,x,x,1.017,,0.052,,0.259,,0.139,,x,x,x,x,x,x,x,x,x,x,x,x,x,x,0.96,,0.852,,0.666,,0.724,,x,x,x,x,x,x,x,x,x,x,x,x,x,x,x,x,x,x,x,x,x,x,x,x,x,x,x,x,x,x,x,x,1.104,,1.335,,1.171,,1.375,,1.335,,1.321,,1.242,,1.192,,0.975,,x,x,x,x,x,x,x,x,x,x,x,x,x,x,x,x,1.485,,1.226,,1.264,,0.966,,x,x,x,x,x,x,x,x,x,x,x,x,x,x,1.259,,1.071,,0.825,,1.023,,x,x,x,x,x,x,x,x,x,x,x,x,x,x,x,x,0.958,,0.855,,0.838,,0.887,,x,x,x,x,x,x,x,x,x,x,x,x,x,x,x,x,1.014,,0.89,,0.339,,0.212,,x,x,x,x,x,x,x,x,x,x,x,x,x,x,0.679,,1.034,,1.217,,1.034,,x,x,x,x,x,x,x,x,x,x,x,x,x,x,0.816,,1.048,,1.169,,0.669,,x,x,x,x,x,x,x,x,x,x,x,x,x,x,x,x,0.846,,0.928,,0.945,,0.849,,0.811,,x,x,x,x,x,x,x,x,x,x,x,x,x,x,x,x,x,x,x,x,1.18,,0.968,,0.162,,x,x,x,x,x,x,x,x,x,x,x,x,x,x,x,x,0.671,,1.184,,0.13,,0.03,,x,x,x,x,x,x,x,x,x,x,x,x,x,x,x,x,x,x,1.287,,0.746,,0.838,,0.991,,1.181,
8,https://genenetwork.org/show_trait?trait_id=ENSMUSG00000057722&dataset=DOD-BXD-Ind-PFC-CTL-RNA-Seq-1019,mouse,DOD-BXD-GWI,DOD-BXD-Ind-PFC-CTL-RNA-Seq-1019,ENSMUSG00000057722,Lepr,leptin receptor,,N/A,4,101.717404,"LEPROT, Leprb, Modb1, OBRGRP, Obr, db, diabetes, obeselike, obl",16847,N/A,,+,,,101.717404,101.815352,8,88.388729,rsm10000005631,14.0742133239544,,0.9067637823874087,x,x,x,x,x,x,x,x,x,x,0.081,,0.057,,0.118,,0.114,,x,x,x,x,x,x,x,x,x,x,x,x,0.135,,0.068,,0.203,,0.104,,x,x,x,x,x,x,x,x,x,x,x,x,x,x,x,x,x,x,0.851,,0.677,,0.781,,x,x,x,x,x,x,x,x,x,x,x,x,x,x,x,x,1.11,,1.213,,1.347,,1.159,,x,x,x,x,x,x,x,x,x,x,x,x,x,x,x,x,0.399,,1.116,,0.982,,0.184,,x,x,x,x,x,x,x,x,x,x,x,x,x,x,0.766,,0.996,,0.917,,x,x,x,x,x,x,x,x,x,x,x,x,x,x,x,x,0.901,,1.056,,1.185,,0.96,,x,x,x,x,x,x,x,x,x,x,x,x,x,x,x,x,x,x,0.577,,1.343,,1.235,,1.24,,x,x,x,x,x,x,x,x,x,x,x,x,x,x,x,x,1.172,,1.134,,1.31,,0.068,,x,x,x,x,x,x,x,x,x,x,x,x,x,x,x,x,1.147,,0.993,,0.818,,0.919,,1.319,,x,x,x,x,x,x,x,x,x,x,x,x,x,x,x,x,x,x,x,x,x,x,x,x,0.768,,1.114,,1.178,,0.924,,0.536,,0.749,,0.835,,0.761,,x,x,x,x,x,x,x,x,x,x,x,x,x,x,x,x,x,x,x,x,x,x,0.778,,1.128,,0.926,,0.745,,x,x,x,x,x,x,x,x,x,x,x,x,x,x,x,x,1.061,,1.088,,1.093,,0.716,,x,x,x,x,x,x,x,x,x,x,x,x,x,x,x,x,x,x,x,x,0.998,,1.198,,1.335,,0.087,,1.03,,1.335,,x,x,x,x,x,x,x,x,x,x,x,x,x,x,1.057,,1.395,,1.135,,0.92,,x,x,x,x,x,x,x,x,x,x,x,x,x,x,x,x,0.85,,1.31,,1.281,,x,x,x,x,x,x,x,x,x,x,x,x,x,x,x,x,0.778,,1.038,,0.961,,x,x,x,x,x,x,x,x,x,x,x,x,x,x,x,x,1.139,,1.367,,0.401,,1.003,,x,x,x,x,x,x,x,x,x,x,x,x,x,x,x,x,0.821,,1.065,,0.745,,x,x,x,x,x,x,x,x,x,x,x,x,x,x,x,x,x,x,x,x,x,x,1.163,,0.999,,1.32,,0.56,,1.289,,1.223,,1.561,,0.927,,0.777,,x,x,x,x,x,x,x,x,x,x,x,x,x,x,x,x,x,x,x,x,x,x,x,x,x,x,x,x,0.594,,0.973,,1.087,,x,x,x,x,x,x,x,x,x,x,x,x,x,x,x,x,1.029,,0.965,,1.207,,x,x,x,x,x,x,x,x,x,x,x,x,x,x,x,x,1.156,,1.185,,0.854,,0.912,,x,x,x,x,x,x,x,x,x,x,x,x,x,x,1.114,,0.897,,1.065,,1.1,,0.603,,x,x,x,x,x,x,x,x,x,x,x,x,x,x,x,x,1.155,,1.164,,1.174,,x,x,x,x,x,x,x,x,x,x,x,x,x,x,x,x,1.027,,1.341,,0.878,,x,x,x,x,x,x,x,x,x,x,x,x,x,x,x,x,0.858,,1.096,,0.875,,0.941,,x,x,x,x,x,x,x,x,x,x,x,x,x,x,x,x,x,x,x,x,0.966,,1.081,,1.077,,0.17,,0.066,,x,x,x,x,x,x,x,x,x,x,x,x,0.851,,0.61,,1.029,,1.012,,0.058,,x,x,x,x,x,x,x,x,x,x,x,x,x,x,x,x,1.147,,0.778,,0.713,,0.905,,1.223,,x,x,x,x,x,x,x,x,x,x
9,https://genenetwork.org/show_trait?trait_id=ENSMUSG00000057722&dataset=DOD-BXD-Ind-PFC-CD-RNA-Seq-1019,mouse,DOD-BXD-GWI,DOD-BXD-Ind-PFC-CD-RNA-Seq-1019,ENSMUSG00000057722,Lepr,leptin receptor,,N/A,4,101.717404,"LEPROT, Leprb, Modb1, OBRGRP, Obr, db, diabetes, obeselike, obl",16847,N/A,,+,,,101.717404,101.815352,13,48.253309,rsm10000009831,12.5669772831243,,0.8615230771068197,0.068,,0.027,,0.124,,0.026,,0.141,,x,x,x,x,x,x,x,x,x,x,x,x,x,x,x,x,0.122,,0.152,,x,x,x,x,x,x,x,x,x,x,x,x,x,x,x,x,x,x,1.098,,1.214,,0.909,,1.017,,x,x,x,x,x,x,x,x,x,x,x,x,0.779,,0.529,,1.015,,1.153,,1.348,,x,x,x,x,x,x,x,x,x,x,x,x,x,x,x,x,1.055,,0.985,,1.066,,0.98,,x,x,x,x,x,x,x,x,x,x,x,x,x,x,x,x,1.225,,0.862,,0.642,,x,x,x,x,x,x,x,x,x,x,x,x,x,x,0.975,,0.977,,0.701,,0.554,,x,x,x,x,x,x,x,x,x,x,x,x,x,x,x,x,x,x,1.087,,1.109,,0.742,,1.21,,x,x,x,x,x,x,x,x,x,x,x,x,x,x,x,x,1.016,,0.981,,0.921,,0.259,,x,x,x,x,x,x,x,x,x,x,x,x,x,x,x,x,0.811,,0.975,,1.011,,0.513,,x,x,x,x,x,x,x,x,x,x,x,x,x,x,x,x,0.607,,0.764,,0.274,,0.846,,0.958,,1.045,,0.464,,0.782,,0.911,,x,x,x,x,x,x,x,x,x,x,x,x,x,x,x,x,x,x,x,x,x,x,x,x,x,x,x,x,x,x,1.462,,0.944,,1.004,,0.262,,x,x,x,x,x,x,x,x,x,x,x,x,x,x,x,x,0.862,,1.253,,0.706,,0.869,,x,x,x,x,x,x,x,x,x,x,x,x,x,x,1.172,,1.13,,1.377,,1.386,,1.071,,1.248,,0.849,,x,x,x,x,x,x,x,x,x,x,x,x,x,x,x,x,x,x,0.962,,1.372,,1.064,,1.026,,x,x,x,x,x,x,x,x,x,x,x,x,x,x,x,x,0.674,,1.262,,1.18,,0.504,,x,x,x,x,x,x,x,x,x,x,x,x,x,x,0.778,,1.264,,0.763,,0.874,,x,x,x,x,x,x,x,x,x,x,x,x,x,x,0.952,,1.189,,0.161,,0.827,,x,x,x,x,x,x,x,x,x,x,x,x,x,x,x,x,0.868,,0.894,,1.024,,0.657,,x,x,x,x,x,x,x,x,x,x,x,x,x,x,1.261,,1.036,,1.121,,1.134,,0.979,,1.084,,1.118,,x,x,x,x,x,x,x,x,x,x,x,x,x,x,x,x,x,x,x,x,x,x,x,x,x,x,x,x,x,x,x,x,x,x,x,x,0.833,,1.055,,1.061,,0.872,,0.946,,x,x,x,x,x,x,x,x,x,x,x,x,x,x,1.31,,0.839,,0.977,,0.065,,x,x,x,x,x,x,x,x,x,x,x,x,x,x,0.963,,0.7,,0.712,,0.742,,x,x,x,x,x,x,x,x,x,x,x,x,x,x,x,x,1.13,,0.755,,0.169,,x,x,x,x,x,x,x,x,x,x,x,x,x,x,x,x,x,x,1.155,,0.94,,0.93,,0.844,,x,x,x,x,x,x,x,x,x,x,x,x,x,x,0.112,,1.082,,1.204,,0.945,,x,x,x,x,x,x,x,x,x,x,x,x,x,x,0.968,,1.134,,1.136,,0.829,,x,x,x,x,x,x,x,x,x,x,x,x,x,x,x,x,x,x,1.174,,1.016,,0.143,,0.12,,0.081,,x,x,x,x,x,x,x,x,x,x,x,x,x,x,x,x,1.407,,0.938,,0.906,,x,x,x,x,x,x,x,x,x,x,x,x,x,x,x,x,x,x,0.742,,0.691,,0.753,,0.966,,x,x,x,x,x,x,x,x,x,x,x,x,x,x,x,x,x,x,x,x
10,https://genenetwork.org/show_trait?trait_id=ENSMUSG00000057722&dataset=DOD-BXD-Ind-PFC-CTL-RNA-Seq-ComB-1019,mouse,DOD-BXD-GWI,DOD-BXD-Ind-PFC-CTL-RNA-Seq-ComB-1019,ENSMUSG00000057722,Lepr,leptin receptor,,N/A,4,101.717404,"LEPROT, Leprb, Modb1, OBRGRP, Obr, db, diabetes, obeselike, obl",16847,N/A,,+,,,101.717404,101.815352,8,88.388729,rsm10000005631,19.737003359203,,0.889212599361506,x,x,x,x,x,x,x,x,x,x,0.556,,0.539,,0.582,,0.579,,x,x,x,x,x,x,x,x,x,x,x,x,0.594,,0.547,,0.642,,0.572,,x,x,x,x,x,x,x,x,x,x,x,x,x,x,x,x,x,x,1.095,,0.973,,1.046,,x,x,x,x,x,x,x,x,x,x,x,x,x,x,x,x,1.005,,1.139,,1.314,,1.069,,x,x,x,x,x,x,x,x,x,x,x,x,x,x,x,x,0.078,,1.013,,0.838,,0.628,,x,x,x,x,x,x,x,x,x,x,x,x,x,x,0.556,,0.856,,0.753,,x,x,x,x,x,x,x,x,x,x,x,x,x,x,x,x,0.732,,0.934,,1.102,,0.809,,x,x,x,x,x,x,x,x,x,x,x,x,x,x,x,x,x,x,0.31,,1.308,,1.168,,1.174,,x,x,x,x,x,x,x,x,x,x,x,x,x,x,x,x,1.086,,1.036,,1.265,,0.547,,x,x,x,x,x,x,x,x,x,x,x,x,x,x,x,x,1.053,,0.852,,0.624,,0.756,,1.277,,x,x,x,x,x,x,x,x,x,x,x,x,x,x,x,x,x,x,x,x,x,x,x,x,0.559,,1.01,,1.093,,0.762,,0.257,,0.534,,0.646,,0.55,,x,x,x,x,x,x,x,x,x,x,x,x,x,x,x,x,x,x,x,x,x,x,0.572,,1.028,,0.765,,1.02,,x,x,x,x,x,x,x,x,x,x,x,x,x,x,x,x,0.941,,0.976,,0.983,,0.491,,x,x,x,x,x,x,x,x,x,x,x,x,x,x,x,x,x,x,x,x,0.859,,1.119,,1.298,,0.56,,0.9,,1.298,,x,x,x,x,x,x,x,x,x,x,x,x,x,x,0.936,,1.376,,1.037,,1.143,,x,x,x,x,x,x,x,x,x,x,x,x,x,x,x,x,0.666,,1.265,,1.395,,x,x,x,x,x,x,x,x,x,x,x,x,x,x,x,x,0.572,,0.911,,0.811,,x,x,x,x,x,x,x,x,x,x,x,x,x,x,x,x,1.043,,1.34,,0.081,,0.865,,x,x,x,x,x,x,x,x,x,x,x,x,x,x,x,x,0.628,,0.946,,0.529,,x,x,x,x,x,x,x,x,x,x,x,x,x,x,x,x,x,x,x,x,x,x,1.074,,0.86,,1.278,,0.891,,1.238,,1.152,,1.593,,0.766,,0.571,,x,x,x,x,x,x,x,x,x,x,x,x,x,x,x,x,x,x,x,x,x,x,x,x,x,x,x,x,0.332,,0.826,,0.975,,x,x,x,x,x,x,x,x,x,x,x,x,x,x,x,x,0.899,,0.816,,1.131,,x,x,x,x,x,x,x,x,x,x,x,x,x,x,x,x,1.065,,1.102,,1.097,,1.137,,x,x,x,x,x,x,x,x,x,x,x,x,x,x,1.01,,0.727,,0.946,,0.992,,0.344,,x,x,x,x,x,x,x,x,x,x,x,x,x,x,x,x,1.063,,1.075,,1.088,,x,x,x,x,x,x,x,x,x,x,x,x,x,x,x,x,0.897,,1.306,,1.113,,x,x,x,x,x,x,x,x,x,x,x,x,x,x,x,x,0.676,,0.986,,0.698,,0.784,,x,x,x,x,x,x,x,x,x,x,x,x,x,x,x,x,x,x,x,x,0.817,,0.967,,0.962,,0.618,,0.546,,x,x,x,x,x,x,x,x,x,x,x,x,0.667,,0.926,,0.899,,0.877,,0.54,,x,x,x,x,x,x,x,x,x,x,x,x,x,x,x,x,1.302,,1.044,,0.998,,1.132,,1.355,,x,x,x,x,x,x,x,x,x,x
11,https://genenetwork.org/show_trait?trait_id=ENSMUSG00000057722&dataset=DOD-BXD-Ind-PFC-DFP-RNA-Seq-ComB-1019,mouse,DOD-BXD-GWI,DOD-BXD-Ind-PFC-DFP-RNA-Seq-ComB-1019,ENSMUSG00000057722,Lepr,leptin receptor,,N/A,4,101.717404,"LEPROT, Leprb, Modb1, OBRGRP, Obr, db, diabetes, obeselike, obl",16847,N/A,,+,,,101.717404,101.815352,2,161.895805,rs27350606,24.5874801601368,,0.8637637810444269,x,x,x,x,x,x,x,x,x,x,x,x,x,x,x,x,x,x,0.631,,0.541,,0.62,,0.665,,x,x,x,x,x,x,x,x,x,x,x,x,0.544,,0.544,,0.699,,0.516,,0.639,,x,x,x,x,x,x,x,x,x,x,x,x,x,x,1.169,,1.306,,1.293,,x,x,x,x,x,x,x,x,x,x,x,x,x,x,x,x,x,x,0.658,,0.947,,1.351,,1.045,,x,x,x,x,x,x,x,x,x,x,x,x,x,x,x,x,0.783,,0.525,,0.718,,0.937,,x,x,x,x,x,x,x,x,x,x,x,x,0.984,,1.104,,1.477,,0.814,,x,x,x,x,x,x,x,x,x,x,x,x,x,x,x,x,0.989,,1.305,,0.911,,0.601,,0.758,,x,x,x,x,x,x,x,x,x,x,x,x,x,x,x,x,0.972,,1.102,,0.966,,0.834,,x,x,x,x,x,x,x,x,x,x,x,x,x,x,x,x,0.783,,0.461,,0.71,,0.941,,x,x,x,x,x,x,x,x,x,x,x,x,x,x,x,x,x,x,1.285,,0.427,,0.735,,x,x,x,x,x,x,x,x,x,x,x,x,x,x,x,x,x,x,x,x,x,x,x,x,x,x,x,x,x,x,x,x,x,x,0.383,,0.631,,0.453,,0.908,,0.637,,0.762,,0.53,,x,x,x,x,x,x,x,x,x,x,x,x,x,x,x,x,0.696,,1.074,,0.882,,0.668,,x,x,x,x,x,x,x,x,x,x,x,x,x,x,x,x,0.88,,1.114,,0.996,,x,x,x,x,x,x,x,x,x,x,x,x,x,x,x,x,x,x,x,x,x,x,x,x,x,x,0.799,,1.1,,1.207,,x,x,x,x,x,x,x,x,x,x,x,x,x,x,x,x,0.592,,0.512,,0.6,,0.699,,x,x,x,x,x,x,x,x,x,x,x,x,x,x,0.813,,0.907,,0.636,,0.684,,x,x,x,x,x,x,x,x,x,x,x,x,x,x,0.783,,1.202,,0.895,,1.015,,x,x,x,x,x,x,x,x,x,x,x,x,x,x,x,x,0.884,,0.536,,0.681,,0.597,,x,x,x,x,x,x,x,x,x,x,x,x,x,x,0.809,,0.668,,0.965,,1.006,,x,x,x,x,x,x,x,x,x,x,x,x,x,x,x,x,x,x,x,x,x,x,x,x,x,x,x,x,x,x,x,x,0.997,,1.298,,1.084,,1.35,,1.298,,1.28,,1.177,,1.112,,0.829,,x,x,x,x,x,x,x,x,x,x,x,x,x,x,x,x,1.493,,1.156,,1.205,,0.817,,x,x,x,x,x,x,x,x,x,x,x,x,x,x,1.199,,0.954,,0.633,,0.891,,x,x,x,x,x,x,x,x,x,x,x,x,x,x,x,x,0.807,,0.672,,0.65,,0.714,,x,x,x,x,x,x,x,x,x,x,x,x,x,x,x,x,0.88,,0.718,,0.737,,0.648,,x,x,x,x,x,x,x,x,x,x,x,x,x,x,0.443,,0.906,,1.144,,0.906,,x,x,x,x,x,x,x,x,x,x,x,x,x,x,0.622,,0.924,,1.082,,0.43,,x,x,x,x,x,x,x,x,x,x,x,x,x,x,x,x,0.661,,0.768,,0.79,,0.665,,1.067,,x,x,x,x,x,x,x,x,x,x,x,x,x,x,x,x,x,x,x,x,1.096,,0.82,,0.613,,x,x,x,x,x,x,x,x,x,x,x,x,x,x,x,x,0.433,,1.101,,0.591,,0.521,,x,x,x,x,x,x,x,x,x,x,x,x,x,x,x,x,x,x,1.399,,1.021,,1.085,,1.192,,1.325,
12,https://genenetwork.org/show_trait?trait_id=ENSMUSG00000057722&dataset=DOD-BXD-Ind-PFC-CD-RNA-Seq-ComB-1019,mouse,DOD-BXD-GWI,DOD-BXD-Ind-PFC-CD-RNA-Seq-ComB-1019,ENSMUSG00000057722,Lepr,leptin receptor,,N/A,4,101.717404,"LEPROT, Leprb, Modb1, OBRGRP, Obr, db, diabetes, obeselike, obl",16847,N/A,,+,,,101.717404,101.815352,5,16.250723,rsm10000002247,19.8655343432467,,0.8479769221865214,0.547,,0.519,,0.586,,0.518,,0.598,,x,x,x,x,x,x,x,x,x,x,x,x,x,x,x,x,0.585,,0.606,,x,x,x,x,x,x,x,x,x,x,x,x,x,x,x,x,x,x,1.267,,1.348,,1.135,,1.211,,x,x,x,x,x,x,x,x,x,x,x,x,0.573,,0.247,,0.881,,1.061,,1.442,,x,x,x,x,x,x,x,x,x,x,x,x,x,x,x,x,0.933,,0.842,,0.947,,0.835,,x,x,x,x,x,x,x,x,x,x,x,x,x,x,x,x,1.155,,0.682,,0.395,,x,x,x,x,x,x,x,x,x,x,x,x,x,x,0.829,,0.831,,0.472,,0.28,,x,x,x,x,x,x,x,x,x,x,x,x,x,x,x,x,x,x,0.975,,1.003,,0.525,,1.135,,x,x,x,x,x,x,x,x,x,x,x,x,x,x,x,x,0.882,,0.837,,0.758,,0.681,,x,x,x,x,x,x,x,x,x,x,x,x,x,x,x,x,0.615,,0.829,,0.876,,0.858,,x,x,x,x,x,x,x,x,x,x,x,x,x,x,x,x,0.349,,0.554,,0.691,,0.661,,0.807,,0.92,,0.824,,0.577,,0.745,,x,x,x,x,x,x,x,x,x,x,x,x,x,x,x,x,x,x,x,x,x,x,x,x,x,x,x,x,x,x,1.464,,0.788,,0.867,,0.683,,x,x,x,x,x,x,x,x,x,x,x,x,x,x,x,x,0.682,,1.191,,0.993,,0.691,,x,x,x,x,x,x,x,x,x,x,x,x,x,x,1.086,,1.031,,1.353,,1.364,,0.954,,1.185,,0.665,,x,x,x,x,x,x,x,x,x,x,x,x,x,x,x,x,x,x,0.812,,1.346,,0.945,,0.895,,x,x,x,x,x,x,x,x,x,x,x,x,x,x,x,x,0.436,,1.203,,1.096,,0.852,,x,x,x,x,x,x,x,x,x,x,x,x,x,x,0.572,,1.205,,1.033,,0.697,,x,x,x,x,x,x,x,x,x,x,x,x,x,x,0.799,,1.108,,0.612,,0.636,,x,x,x,x,x,x,x,x,x,x,x,x,x,x,x,x,0.689,,0.723,,0.893,,0.959,,x,x,x,x,x,x,x,x,x,x,x,x,x,x,1.202,,0.908,,1.019,,1.036,,0.834,,0.971,,1.015,,x,x,x,x,x,x,x,x,x,x,x,x,x,x,x,x,x,x,x,x,x,x,x,x,x,x,x,x,x,x,x,x,x,x,x,x,0.644,,0.933,,0.941,,0.695,,0.791,,x,x,x,x,x,x,x,x,x,x,x,x,x,x,1.265,,0.652,,0.831,,0.545,,x,x,x,x,x,x,x,x,x,x,x,x,x,x,0.813,,0.47,,0.486,,0.525,,x,x,x,x,x,x,x,x,x,x,x,x,x,x,x,x,1.031,,0.542,,0.618,,x,x,x,x,x,x,x,x,x,x,x,x,x,x,x,x,x,x,1.063,,0.783,,0.77,,0.658,,x,x,x,x,x,x,x,x,x,x,x,x,x,x,0.578,,0.968,,1.127,,0.79,,x,x,x,x,x,x,x,x,x,x,x,x,x,x,0.82,,1.036,,1.039,,1.079,,x,x,x,x,x,x,x,x,x,x,x,x,x,x,x,x,x,x,1.088,,0.882,,0.6,,0.584,,0.556,,x,x,x,x,x,x,x,x,x,x,x,x,x,x,x,x,1.392,,0.781,,0.739,,x,x,x,x,x,x,x,x,x,x,x,x,x,x,x,x,x,x,1.018,,0.983,,1.026,,1.175,,x,x,x,x,x,x,x,x,x,x,x,x,x,x,x,x,x,x,x,x
