rs6291839, non-protein coding
rs32105394, Trpa1
rs3088964, non-protein coding
rs3678179, Kcnb2
rs32109300, Terf1
rs32127151, non-protein coding
rs47275793, Rdh10
rs51394091, non-protein coding
rs31817535, non-protein coding
rs32171777, non-protein coding, Rbm6-ps1
rs32043384, non-protein coding
rs219716413, non-protein coding
rs13475747, non-protein coding
rs51820747, non-protein coding
rs51700370, non-protein coding
rs31772262, Pkhd1
rs13475829, non-protein coding
rs52625624, non-protein coding
rs48741666, non-protein coding
rs30667783, non-protein coding
rs29552839, non-protein coding
rs29633641, non-protein coding
rs31864177, non-protein coding
rs13475833, non-protein coding
rs33275490, non-protein coding
rs3714219, non-protein coding
rs32671223, non-protein coding
rs52628759, Nck2 
rs32044299, Nck2
rs31012703, non-protein coding
rs33444638, non-protein coding
rs33447118, non-protein coding
rs33447121, non-protein coding
rs47782085, Ecrg4
rs30761526, non-protein coding
rs31572802, non-protein coding
rs31443144, non-protein coding
rs6269442, non-protein coding, Xkr4 
rs32285189, non-protein coding, Xkr4 
rs258367496, Xkr4
rs32430919, non-protein coding
rs36251697, non-protein coding
rs30658298, non-protein coding
rs31879829, non-protein coding
rs36742481, Mrpl15 
rs6365999, Lypla1, non-protein coding
rs13470446, non-protein coding, Lypla1
rs6376963, Rgs20
rs30847416, Rgs20 
rs31625087, Atp6v1h
rs31716357, Atp6v1h 
rs3677817, non-protein coding
rs47937185, non-protein coding
rs32140280, non-protein coding
rs32096391, non-protein coding
rs47493511, Alkal1
rs31190522, St18 
rs6298633, St18
rs31362910, Sgk3  
rs31878990, Cspp1
rs32186775, Arfgef1
rs31868650, non-protein coding
rs6360236, Prex2
rs32740138, A830018L16Rik
rs30991578, A830018L16Rik
rs32347261, Sulf1
rs36585555, Slco5a1
rs30477285, Slco5a1
rs32223513, non-protein coding
rs45688852, non-protein coding
rs31710291, non-protein coding 
rs31794283, non-protein coding
rs6296049, non-protein coding
rs32381514, non-protein coding
rs31577697, non-protein coding
rs30996958, non-protein coding, Msc
rs31574495, Msc, non-protein coding
rs3670611, non-protein coding
rs36660068, Il17f
rs6404446, Il17f
rs32101154, Kcnq5
rs6253968, Kcnq5
rs32315565, Kcnq5
rs31766107, non-protein coding
rs46856073, non-protein coding
rs46249537, non-protein coding
rs31949292, non-protein coding
rs30499557, Rims1
rs6316488, non-protein coding
rs32400861, non-protein coding
rs32597415, Ogfrl1
rs228543676, non-protein coding
rs239824187, non-protein coding
rs13475765, B3gat2
rs4222215, Sdhaf4
rs13475766, Fam135a, non-protein coding
rs31567874, Adgrb3
rs32245765, non-protein coding, Adgrb3
rs32487442, Adgrb3
rs13475771, Adgrb3 
rs13475772, Adgrb3
rs32249228, Adgrb3
rs32331653, Adgrb3 
rs32086436, non-protein coding
rs48222526, non-protein coding
rs223334166, non-protein coding
rs31670161, non-protein coding
rs31134323, non-protein coding
rs47868189, non-protein coding
rs31600419, non-protein coding
rs30514876, non-protein coding
rs32110348, non-protein coding
rs31590459, non-protein coding
rs32372810, Phf3 
rs32684509, Phf3 
rs230225148, 4931428L18Rik 
rs48664698, non-protein coding
rs32760971, non-protein coding
rs31818207, non-protein coding
rs30598074, Khdrbs2
rs13475795, Khdrbs2
rs30849932, non-protein coding
rs46323879, Rab23
rs31518908, Dst
rs31710287, Cfc1 
rs16808053, Prss40 
rs221967485, non-protein coding
rs47717565, non-protein coding
rs13475808, non-protein coding
rs30604008, non-protein coding
rs30525912, non-protein coding
rs13475810, non-protein coding
rs13475816, non-protein coding
rs32180312, non-protein coding
rs31935537, 2010300C02Rik 
rs32551229, 2010300C02Rik
rs32942136, 2010300C02Rik 
rs32635513, 2010300C02Rik 
rs32988364, Aff3    
rs31528685, Aff3
rs30611861, Aff3
rs31574517, non-protein coding
rs30868358, non-protein coding
rs31440687, non-protein coding
rs51951745, non-protein coding
rs31449667, Npas2 
rs33132305, Npas2
rs30551147, Npas2
rs13475821, non-protein coding
rs36367128, non-protein coding
rs32764284, non-protein coding
rs37147416, non-protein coding
rs31555041, Ercc5
rs31983590, non-protein coding
rs33586566, Slc40a1
rs6321959, Slc39a10  
rs6322563, Slc39a10
rs31612433, non-protein coding
rs31745317, non-protein coding
rs32434528, non-protein coding
rs32093536, non-protein coding
rs31325347, non-protein coding
rs32209957, non-protein coding
rs32662962 non-protein coding
rs31517020, non-protein coding
rs31565873, non-protein coding
rs13475872, 1700019D03Rik 
rs32434080, Hecw2
rs33840699, Hecw2
rs51350456, Hecw2
rs47870456, Ccdc150
rs29596070, Pgap1
rs13475876, non-protein coding
rs32516530, non-protein coding
rs13475879, Spats2l
rs29655680, Aox3    
rs29659120, Aox3
rs31726356, Aox2
rs31876473, Bzw1
rs6325108, Ndufb3
rs31498570, C2cd6 
rs13475883, non-protein coding
rs13475885, non-protein coding
rs13475887, 9530026F06Rik 
rs49196471, Pard3b
rs29963534, Nrp2
rs32161565, Nrp2
rs32416624, Ndufs1, Ino80dos
rs3703813, Adam23
rs52470670, non-protein coding
rs3162895, non-protein coding
rs30173232, non-protein coding
rs30465484, Idh1
rs45845149, Idh1
rs31727300, Pikfyve
rs32848413, non-protein coding
rs30230950, non-protein coding
rs32347478, Map2
rs30993227, Map2
rs30297732, Unc80
rs30284166, Unc80
rs3665792, non-protein coding
rs13475907, Erbb4
rs32080982, Erbb4
rs31292260, Erbb4
rs48130521, Erbb4
rs36768099, non-protein coding
rs13475913, Spag16 
rs30948259, Vwc2l
rs37034472, March4
rs31200269, Smarcal1
rs3687595, Ankar
rs238728371, non-protein coding
rs31428112, non-protein coding
rs13475920, non-protein coding
rs32184618, non-protein coding
rs13475921, D530049I02Rik
rs31377069, non-protein coding
rs13475923, Tns1
rs31890646, Cfap65 
rs32117726, Slc4a3
rs30858590, non-protein coding
rs3699038, non-protein coding
rs30141894, non-protein coding
rs32326048, non-protein coding
rs47192472, non-protein coding
rs45948170, non-protein coding
rs46070989, non-protein coding
rs47823509, non-protein coding
rs30156746, Ap1s3
rs232937166, Serpine2
rs31612855, Cul3
rs30205785, non-protein coding
rs13475954, Agfg1, A030005L19Rik
rs32668634, Sphkap
rs13475957, non-protein coding
rs32358097, Trip12
rs3678377, 9930111H07Rik, Cab39, non-protein coding
rs30804641, Gpr55
rs31929413, Armc9
rs219816352, Efhd1
rs50310397, Efhd1
rs32104666, Gigyf2
rs13475967, Ngef
rs6234856, Dgkd
rs46281379, Ugt1a7c, Ugt1a8, Ugt1a9, Ugt1a10, non-protein coding
rs47858597, Ugt1a6a, Ugt1a6b, Ugt1a7c, Ugt1a8, Ugt1a10, non-protein coding
rs13475970, 4930453O03Rik, Trpm8
rs30341693, Iqca
rs30337529, non-protein coding
rs50175543, Lrrfip1
rs52508722, Lrrfip1
rs13475979, Espnl
rs13475980, non-protein coding
rs33082518, non-protein coding
rs32252974, non-protein coding
rs33069894, non-protein coding
rs13475984, non-protein coding
rs30390109, Agxt, Mab21l4
rs3692309, Sned1
rs4137444, non-protein coding
rs32234269, Neu4
rs31144348, non-protein coding
rs32199840, non-protein coding
rs13475991, non-protein coding
rs31707646, non-protein coding
rs30558618, non-protein coding
rs13476003, Gin1
rs13476004, Pam
rs30442897, non-protein coding
rs13476006, non-protein coding
rs31666743, non-protein coding
rs32261404, non-protein coding
rs37486156, Cntnap5b
rs36618375, Cntnap5b
rs13476012, Cntnap5b
rs30966514, non-protein coding
rs51210174, non-protein coding
rs13476025, non-protein coding
rs31806216, Cdh20, non-protein coding
rs13476030, Cdh20
rs32565357, non-protein coding
rs32697536, Pign
rs30506144, Tnfrsf11a
rs30488981, Phlpp1
rs30487561, Phlpp1
rs47647099, Bcl2
rs49762567, Bcl2
rs31994637, non-protein coding
rs31960226, non-protein coding
rs32738873, non-protein coding
rs31744083, non-protein coding
rs47329570, non-protein coding
rs31960159, non-protein coding
rs13476045, non-protein coding
rs31935680, non-protein coding
rs3685919, non-protein coding
rs6319405, non-protein coding
rs3710646, Cdh19 
rs30584583, non-protein coding
rs51800183, non-protein coding
rs48823920, non-protein coding
rs30719160, non-protein coding
rs31471077, Cntnap5a 
rs30675648, Cntnap5a
rs32180662, Cntnap5a
rs30680977, Cntnap5a
rs32807094, Cntnap5a
rs32757674, non-protein coding
rs32268077, non-protein coding
rs30725178, Gli2
rs30724278, Gli2
rs30698282, Gli2
rs3723088, Sctr
rs3663708, Dbi, 3110009E18Rik
rs31007558, 3110009E18Rik
rs30727085, non-protein coding
rs48015801, Celrr
rs230640887, Insig2, non-protein coding
rs48962291, non-protein coding
rs213804272, Dpp10
rs47085630, Dpp10
rs49565748, Gpr39
rs30561273, Nckap5
rs30785490, Nckap5
rs32612920, Nckap5
rs31573665, Nckap5
rs32013884, non-protein coding
rs50349808, non-protein coding
rs31348531, non-protein coding
rs33889750, non-protein coding
rs47026905, non-protein coding
rs6263067, non-protein coding
rs32101230, non-protein coding
rs49892902, non-protein coding
rs8256197, Cxcr4
rs13459051, Pigr
rs32335588, Fcmr
rs32112067, Fcmr
rs108035116, Avpr1b
rs6250833, Ctse 
rs37505705, Mfsd4a
rs31762723 Rbbp5 
rs30763126, Nfasc
rs33494411, Plekha6 
rs30766381, Plekha6
rs32452440, non-protein coding
rs37131139, non-protein coding
rs13476119, Adora1
rs49289788, Gpr37l1
rs36548506, Nav1
rs37895110, Nav1
rs3691222, Camsap2
rs33589350, Kif14, non-protein coding
rs33586240, non-protein coding
rs6406033, non-protein coding
rs46445754, non-protein coding
rs31534627, Nek7
rs215571652, Nek7
rs13476137, Crb1
rs13476138, F13b
rs107630249, Cfhr2
rs3682831, non-protein coding
rs13476148, non-protein coding
rs31066093, non-protein coding
rs31063456, non-protein coding
rs31055515, non-protein coding
rs32687429, non-protein coding
rs32586240, Brinp3
rs31006935, Brinp3
rs13476163, Brinp3
rs30769516, non-protein coding
rs3711440, non-protein coding
rs6411476, non-protein coding
rs3680050, non-protein coding
rs31640585, non-protein coding
rs13476175, non-protein coding
rs13476177, Hmcn1, non-protein coding
rs31897662, non-protein coding
rs31230953, 1700025G04Rik 
rs31226073, 1700025G04Rik
rs31206241, Colgalt2
rs31201062, Colgalt2
rs31180473, Rgl1, Apobec4
rs32707440, non-protein coding
rs31173184, Nmnat2
rs13476184, Lamc2
rs231234050, non-protein coding
rs47680477, E330020D12Rik, Shcbp1l
rs37068894, non-protein coding
rs32571301, non-protein coding
rs262053553, non-protein coding
rs13476187, Zfp648 
rs32380880, Cacna1e
rs220024233, Cacna1e
rs32238353, Cacna1e
rs30592448, Cacna1e 
rs6181202, Cacna1e
rs235136764, Cacna1e
rs31598960, Ier5
rs33692139, Ier5 
rs31404871, Lhx4 
rs32737955, Qsox1
rs48733621, Axdnd1
rs31266917, Ralgps2, Angptl1 
rs30694289, non-protein coding
rs3696645, non-protein coding
rs30471675, non-protein coding
rs3722993, non-protein coding
rs49525822, non-protein coding
rs6209248, Astn1
rs33742737, Astn1 
rs33740307, Astn1 
rs33739489, Astn1
rs31315479, non-protein coding
rs31303858, non-protein coding
rs47852191, Rabgap1l
rs3693161, Rabgap1l, non-protein coding
rs31694619, non-protein coding
rs6255075, non-protein coding
rs31200652, Dnm3
rs3685643, Dnm3
rs4222751, Vamp4 
rs46133782, Fmo3
rs49476641, Mroh9
rs6341208, non-protein coding
rs32045036, Prrx1
rs31112062, non-protein coding
rs47368358, non-protein coding
rs32756586, Sell
rs45839990, F5
rs252083450, Nme7
rs32249444, Atp1b1 
rs51211918, non-protein coding
rs33755574, non-protein coding
rs31837891, non-protein coding
rs252005115, non-protein coding
rs30710796, Ildr2
rs31428291, Pogk, Tada1
rs50916411, Pogk
rs31286471, non-protein coding
rs38443544, non-protein coding
rs37545577, non-protein coding
rs38346127, non-protein coding
rs13476221, non-protein coding
rs48965551, non-protein coding
rs4222799, Uck2
rs30563210, Tmco1
rs32238450, Lmx1a
rs48267649, Lmx1a
rs50209411, Pbx1
rs48742671, Nos1ap
rs48042782, non-protein coding
rs8242766, Fcgr3
rs31555580, Pcp4l1
rs31557390, Pcp4l1
rs3722740, non-protein coding
rs3705274, Dcaf8
rs31218323, Dcaf8
rs47959443, Casq1
rs31572828, Atp1a4
rs31567752, non-protein coding, Kcnj9, Kcnj10
rs31561281, non-protein coding
rs31559428, Slamf8
rs49959361, Crp 
rs51348059, Crp
rs259230007, non-protein coding
rs31612847, Cadm3
rs31608155, Aim2 
rs31405208, Aim2
rs46128598, Ifi209
rs31587587, Ifi209
rs31584856, Ifi208
rs3669108, Fmn2
rs6375522, Fmn2
rs4136041, Rgs7
rs31329176, Fh1
rs31420065, Wdr64
rs32559774, Pld5
rs30712622, non-protein coding
rs31282255, non-protein coding
rs30991108, Cdc42bpa
rs32374329, Coq8a
rs51978750, Psen2
rs49397948, Psen2
rs13476267, non-protein coding
rs31837265, non-protein coding
rs32603212, non-protein coding
rs33816636, Enah
rs8280550, Capn2
rs32337187, Ccdc185
rs49919565, Tlr5
rs30696745, non-protein coding
rs50246612, non-protein coding
rs31307349, non-protein coding
rs46841759, non-protein coding
rs30477005, non-protein coding
rs13476281, non-protein coding
rs37406736, non-protein coding
rs3681873, 2900092O11Rik
rs48322183, 1700112H15Rik
rs31785670, C130074G19Rik
rs33828269, Mark1
rs6154379, non-protein coding
rs259343497, non-protein coding
rs32850226, non-protein coding
rs32516008, non-protein coding
rs13476286, non-protein coding
rs32287507, non-protein coding
rs225810346, non-protein coding
rs13476288, non-protein coding
rs13476289, Tgfb2
rs31553683, non-protein coding
rs30819961, non-protein coding
rs31639995, Spata17
rs31963150, Spata17
rs13476290, Spata17
rs32930910, non-protein coding
rs32940354, non-protein coding
rs32943482, non-protein coding
rs31574365, non-protein coding
rs31842689, non-protein coding
rs46826113, Esrrg, non-protein coding
rs48848476, Esrrg
rs32769253, Esrrg
rs52611989, Esrrg
rs32676547, Esrrg
rs3666905, Esrrg
rs30555925, non-protein coding
rs13476293, Ush2a
rs31396325, Ush2a
rs3655423, Ush2a
rs32528185, Ush2a 
rs36403320, Ush2a
rs31624276, non-protein coding
rs36292189, non-protein coding
rs31619477, non-protein coding
rs32790314, non-protein coding
rs32404005, Kcnk2
rs30604277, Kcnk2
rs3675669, Ptpn14
rs30553311, Smyd2
rs32180871, non-protein coding
rs32051408, non-protein coding
rs31378221, Prox1
rs32133051, non-protein coding
rs31813445, non-protein coding
rs6210519, Pacc1
rs31002906, Ints7
rs30600086, 1700034H15Rik
rs8253327, Slc30a1
rs31784615, Rd3
rs48016635, Rd3 
rs30762235, non-protein coding
rs50259858, non-protein coding
rs30997318, Kcnh1
rs33068074, Kcnh1
rs32793860, Hhat
rs13500420, Syt14
rs30897483, Syt14
rs13476310, non-protein coding
rs31478915, non-protein coding
rs33174703, non-protein coding
rs30453157, non-protein coding
rs13476313, non-protein coding
rs45997766, non-protein coding
rs32662997, Plxna2
